Dependencies,
Saint Marks Lutheran Church,Trinity Elementary School, 
Saint Marks Lutheran Church,Ralphs, 
Saint Marks Lutheran Church,Crosswalk1,
Saint Marks Lutheran Church,Saint James Park,
Saint Marks Lutheran Church,Vermont Elementary School,
Saint Marks Lutheran Church,Community of Christ,
Saint Marks Lutheran Church,Los Angeles,
Saint Marks Lutheran Church,Divine Providence Convent,
Saint Marks Lutheran Church,Parking Center,
Trinity Elementary School,Ralphs,
Trinity Elementary School,Crosswalk1,
Trinity Elementary School,Saint James Park,
Trinity Elementary School,Vermont Elementary School,
Trinity Elementary School,Community of Christ,
Trinity Elementary School,Los Angeles,
Trinity Elementary School,Divine Providence Convent,
Trinity Elementary School,Parking Center,
Ralphs,Crosswalk1,
Ralphs,Saint James Park,
Ralphs,Vermont Elementary School,
Ralphs,Community of Christ,
Ralphs,Los Angeles,
Ralphs,Divine Providence Convent,
Ralphs,Parking Center,
Crosswalk1,Saint James Park,
Crosswalk1,Vermont Elementary School,
Crosswalk1,Community of Christ,
Crosswalk1,Los Angeles,
Crosswalk1,Divine Providence Convent,
Crosswalk1,Parking Center,
Saint James Park,Vermont Elementary School,
Saint James Park,Community of Christ,
Saint James Park,Los Angeles,
Saint James Park,Divine Providence Convent,
Saint James Park,Parking Center,
Vermont Elementary School,Community of Christ,
Vermont Elementary School,Los Angeles,
Vermont Elementary School,Divine Providence Convent,
Vermont Elementary School,Parking Center,
Community of Christ,Los Angeles,
Community of Christ,Divine Providence Convent,
Community of Christ,Parking Center,
Los Angeles,Divine Providence Convent,
Los Angeles,Parking Center,
Divine Providence Convent,Parking Center,